{
    "Create Banner": "",
    "Title": "",
    "Banner Title": "",
    "Image": "",
    "Create": "",
    "Edit Banner": "",
    "Save Changes": "",
    "View Banner": "",
    "Create Category": "",
    "Name": "",
    "Category Name": "",
    "Banner": "",
    "Edit Category": "",
    "Create Coupon": "",
    "Code": "",
    "Coupon Code": "",
    "Description": "",
    "Description of coupon": "",
    "Type": "",
    "Percentage": "",
    "Amount": "",
    "Discount": "",
    "Coupon Discount": "",
    "Maximum use": "",
    "Start date": "",
    "Start Date": "",
    "End date": "",
    "Use for loyality point system": "",
    "Minimum Points": "",
    "Maximum Points": "",
    "Edit Coupon": "",
    "Maximum Use": "",
    "View Coupon": "",
    "Code :": "",
    "Description :": "",
    "Maximum use :": "",
    "Used :": "",
    "Type :": "",
    "Discount :": "",
    "Start date :": "",
    "Create Offer": "",
    "Language Name": "",
    "Language JSON File": "",
    "Language Icon": "",
    "Direction": "",
    "LTR": "",
    "RTL": "",
    "Admin Login": "",
    "This is a secure system and you will need to provide your": "",
    "login details to access the site.": "",
    "Email": "",
    "Password": "",
    "SIGN IN": "",
    "Owner Login : ": "",
    "Login Now.": "",
    "Create Module": "",
    "Upload Module Zip": "",
    "Module Zip file": "",
    "Module Of:": "",
    "Loyalty point system": "",
    "Edit Loyalty Module": "",
    "Enable Point System": "",
    "Per Booking Amount": "",
    "Points": "",
    "Referral Points": "",
    "Send Notification": "",
    "Message": "",
    "Notification Title": "",
    "Notification Message": "",
    "Users": "",
    "-- Select Users --": "",
    "Send": "",
    "Notification Template": "",
    "Subject": "",
    "Message Content": "",
    "Submit": "",
    "Available placeholder": "",
    "Click to Copy": "",
    "Available image src": "",
    "Offer Title": "",
    "Offer Discount": "",
    "Edit Offer": "",
    "View Offer": "",
    "Banner table": "",
    "Add New": "",
    "#": "",
    "Created_at": "",
    "Updated_at": "",
    "Status": "",
    "Delete Banner": "",
    "No Banners": "",
    "Category": "",
    "Category table": "",
    "Edit category": "",
    "No Categories": "",
    "Coupon": "",
    "Coupon table": "",
    "No Coupons": "",
    "Since app launch": "",
    "Salons": "",
    "Commission": "",
    "New Registered": "",
    "User": "",
    "Week": "",
    "W": "",
    "Month": "",
    "M": "",
    "Year": "",
    "Y": "",
    "Revenue": "",
    "Salon": "",
    "Categories": "",
    "See all": "",
    "Country based": "",
    "No Users": "",
    "Language": "",
    "Language table": "",
    "Sample .json": "",
    "No Languages": "",
    "Modules": "",
    "Module table": "",
    "Settings": "",
    "No modules": "",
    "Offer": "",
    "Offer table": "",
    "Delete Offer": "",
    "No Offers": "",
    "Profile": "",
    "Phone :": "",
    "Email :": "",
    "Edit Profile": "",
    "Admin information": "",
    "Change Profile Photo": "",
    "Country Code": "",
    "Phone No": "",
    "Phone Number": "",
    "Save": "",
    "Current Password": "",
    "New Password": "",
    "Confirm New Password": "",
    "Change password": "",
    "Review": "",
    "Reported Review table": "",
    "User Name": "",
    "Salon name": "",
    "Rate": "",
    "View Review": "",
    "Approve Review": "",
    "Delete Review": "",
    "No review": "",
    "Salon table": "",
    "Owner name": "",
    "Salon For": "",
    "View Salon": "",
    "Delete Salon": "",
    "Salon Owner": "",
    "Salon Owners table": "",
    "View Owner": "",
    "Delete Owner": "",
    "Admin Settings": "",
    "OTP Verification": "",
    "Map": "",
    "Currency": "",
    "Push Notification": "",
    "Email Settings": "",
    "SMS Gateway": "",
    "Payment Gateway": "",
    "Terms & Condition": "",
    "Privacy Policy": "",
    "App Settings": "",
    "Website Settings": "",
    "App Sharing Settings": "",
    "License": "",
    "SMS": "",
    "Map Key": "",
    "Mapkey": "",
    "Radius": "",
    "Latitude": "",
    "Longitude": "",
    "Select Currency": "",
    "Select Language": "",
    "Notification": "",
    "For User App": "",
    "App ID": "",
    "Api Key": "",
    "Auth Key": "",
    "Project Number": "",
    "For Owner App": "",
    "For Employee App": "",
    "Mail using SMTP": "",
    "Mail using Mailgun": "",
    "For SMPT": "",
    "Mail Host": "",
    "Mail Port": "",
    "Mail UserName": "",
    "Mail Password": "",
    "Mail Encryption": "",
    "Sender Email ID": "",
    "For Mailgun": "",
    "Mailgun Key": "",
    "Mailgun Domain": "",
    "Enable SMS Notification": "",
    "Twilio Account ID": "",
    "Twilio Auth Token": "",
    "Twilio Phone Number": "",
    "(Cash On Delivery)": "",
    "PayPal": "",
    "Stripe": "",
    "Paypal Sandbox Key": "",
    "Paypal Production Key": "",
    "Stripe Public key": "",
    "Stripe Secret key": "",
    "Amount \/ Percentage": "",
    "App Name": "",
    "Application Name": "",
    "Version": "",
    "Application Version": "",
    "Footer 1": "",
    "Footer 2": "",
    "All rights reserved": "",
    "Favicon Icon": "",
    "Black Logo": "",
    "White Logo": "",
    "Playstore Link": "",
    "Appstore Link": "",
    "Home Page": "",
    "Sub Title": "",
    "Website Title": "",
    "Website Sub Title": "",
    "Popular Categories - Sub Title": "",
    "Popular Salons - Sub Title": "",
    "Footer & Header": "",
    "Address": "",
    "Shared Name": "",
    "Shared URL": "",
    "Shared Image": "",
    "Header Image": "",
    "Color": "",
    "License Code": "",
    "Client Name": "",
    "Users table": "",
    "Registered date": "",
    "View User": "",
    "Delete User": "",
    "Revenue Report": "",
    "-- Select Date --": "",
    "Apply": "",
    "Booking id": "",
    "Salon Name": "",
    "Date \/ Time": "",
    "Payment": "",
    "Salon Income": "",
    "Cash": "",
    "Grand Total :": "",
    "Salon Revenue Report": "",
    "Owner Name": "",
    "Income": "",
    "Users Report": "",
    "Phone": "",
    "Appointments": "",
    "View Reported Review": "",
    "Salon :": "",
    "Review :": "",
    "View": "",
    "Services": "",
    "Employee": "",
    "Clients": "",
    "Website :": "",
    "Show Salon": "",
    "Service": "",
    "About": "",
    "Services of": "",
    "Search Service": "",
    "Category :": "",
    "Price :": "",
    "Time :": "",
    "Min": "",
    "No Services Available": "",
    "Employess of": "",
    "Search Employee": "",
    "Give Services At :": "",
    "No Employess Available": "",
    "No Review": "",
    "Timings :": "",
    "Sunday :": "",
    "OFF DAY": "",
    "Monday :": "",
    "Tuesday :": "",
    "Wednesday :": "",
    "Thursday :": "",
    "Friday :": "",
    "Saturday :": "",
    "Contact :": "",
    "Phone no :": "",
    "Address :": "",
    "View Salon Owner": "",
    "Completed": "",
    "Approved": "",
    "Pending": "",
    "Cancel": "",
    "Points :": "",
    "Total Earned Points :": "",
    "Remaining Points :": "",
    "with": "",
    "At": "",
    "Invoice": "",
    "No Completed Appointments": "",
    "No Approved Appointments": "",
    "No Pending Appointments": "",
    "No Cancelled Appointments": "",
    "Confirm Password": "",
    "Please confirm your password before continuing.": "",
    "Forgot Your Password?": "",
    "Reset Password": "",
    "E-Mail Address": "",
    "Send Password Reset Link": "",
    "Register": "",
    "Verify Your Email Address": "",
    "A fresh verification link has been sent to your email address.": "",
    "Before proceeding, please check your email for a verification link.": "",
    "If you did not receive the email": "",
    "click here to request another": "",
    "Dashboard": "",
    "You are logged in!": "",
    "Welcome!": "",
    "My profile": "",
    "Logout": "",
    "Reported Review": "",
    "Reports": "",
    "User Report": "",
    "Template": "",
    "Module": "",
    "Calendar": "",
    "Booking": "",
    "Client": "",
    "Gallery": "",
    "Client Report": "",
    "Add Appointment": "",
    "Service At": "",
    "Home": "",
    "-- Select Client --": "",
    "Select Address": "",
    "-- Select Address --": "",
    "-- Select Service --": "",
    "Date": "",
    "Time": "",
    "-- Select Time --": "",
    "-- Select Employee --": "",
    "Book Appointment": "",
    "Add Address": "",
    "Street": "",
    "City": "",
    "State": "",
    "Country": "",
    "Close": "",
    "Add": "",
    "Print": "",
    "Salon Details": "",
    "Invoice to": "",
    "Booking ID :": "",
    "Booking Date :": "",
    "Booking Time :": "",
    "Payment Type :": "",
    "Booking Status :": "",
    "Service Name": "",
    "Price": "",
    "Total :": "",
    "Extra Charges :": "",
    "Coupon Discount :": "",
    "Total Payment :": "",
    "View Appointment": "",
    "Booking Id :": "",
    "Services :": "",
    "Booking At :": "",
    "Date :": "",
    "Duration :": "",
    "Payment :": "",
    "Employee Name :": "",
    "View Invoice": "",
    "Add Employee": "",
    "Timing": "",
    "Employee Name": "",
    "Employee Email": "",
    "Employee Password": "",
    "Give Services At": "",
    "Both": "",
    "Phone no": "",
    "Sunday": "",
    "Monday": "",
    "Opening Time": "",
    "Closing Time": "",
    "Tuesday": "",
    "Wednesday": "",
    "Thursday": "",
    "Friday": "",
    "Saturday": "",
    "Edit": "",
    "Edit Employee": "",
    "View Employee": "",
    "Timing of": "",
    "Add Gallery Image": "",
    "View Gallery Image": "",
    "Forget password": "",
    "Email Id to reset your password.": "",
    "SUBMIT": "",
    "Back to sign in?": "",
    "Sign In.": "",
    "Owner Login": "",
    "Forgot password?": "",
    "Don't have an account??": "",
    "Create Now.": "",
    "Owner Registration": "",
    "This is a secure system and you will need to provide": "",
    "your details to access the site.": "",
    "REGISTER": "",
    "Have an account??": "",
    "Booking table": "",
    "Booking At": "",
    "Emp": "",
    "Duration": "",
    "Paid": "",
    "Booking Status": "",
    "Unpaid": "",
    "No Bookings": "",
    "Add New Client": "",
    "Employees": "",
    "PERFORMANCE": "",
    "Orders": "",
    "INCOME": "",
    "Top Services": "",
    "Service not booked by any client": "",
    "Upcoming Approved Appointments": "",
    "Booking Id": "",
    "Payment Status": "",
    "No Upcomming Appointments": "",
    "Employee table": "",
    "View employee": "",
    "Edit employee": "",
    "Delete employee": "",
    "No employees": "",
    "Gallery table": "",
    "View Image": "",
    "Delete Image": "",
    "No gallery image": "",
    "Owner information": "",
    "Phone number": "",
    "Review table": "",
    "Report": "",
    "Services table": "",
    "View Service": "",
    "Edit Service": "",
    "Delete Service": "",
    "No Services": "",
    "Owner Settings": "",
    "Salon Basic Details": "",
    "Salon Logo": "",
    "Salon Timings": "",
    "Salon Address": "",
    "Error!": "",
    "Description of salon": "",
    "Salon for": "",
    "Male": "",
    "Female": "",
    "Extra charge for home services": "",
    "Website Name": "",
    "Website name": "",
    "Salon Image": "",
    "Day Off": "",
    "Address of salon": "",
    "Zipcode": "",
    "View client": "",
    "View Booking": "",
    "Clients Report": "",
    "Add Your Salon": "",
    "Location": "",
    "Logo": "",
    "Edit Salon": "",
    "Contact": "",
    "Create Service": "",
    "Service For": "",
    "Service Price": "",
    "Service Time (Minutes)": "",
    "Service Time": "",
    "Select Category": "",
    "Service Nam": "",
    "Create Client": "",
    "Your reference code": "",
    "Referral code": "",
    "User name": "",
    "Email Address": "",
    "Phone no.": "",
    "View Client": "",
    "Google Play": "",
    "App Store": "",
    "Quick Links": "",
    "Sign Up": "",
    "Login": "",
    "All Categories": "",
    "Contact with Us": "",
    "Address:": "",
    "Phone:": "",
    "Email:": "",
    "Copyright": "",
    "Made with": "",
    "by": "",
    "Forgot password": "",
    "Enter your email and get new password.": "",
    "You will receive email or sms with new password.": "",
    "Get New Password": "",
    "Not a member?": "",
    "Create account": "",
    "Book Now": "",
    "What are you?": "",
    "looking for?":"",
    "What are you looking for?":"",
    "Where to look?": "",
    "Search a Location": "",
    "What Category?": "",
    "Select a Category": "",
    "Search Activities": "",
    "Search Now": "",
    "Hey, Welcome back!": "",
    "Keep me signed in": "",
    "Lost Password?": "",
    "Login to Account": "",
    "New to The barber?": "",
    "Verification": "",
    "Write OTP here.": "",
    "OTP": "",
    "Verify": "",
    "Welcome! create your account": "",
    "Phone Code": "",
    "Register Account": "",
    "Already have an account?": "",
    "Add a Review": "",
    "Rating": "",
    "Submit Review": "",
    "Verify your account.": "",
    "Get OTP": "",
    "All Salons": "",
    "Sort by default": "",
    "High Rated": "",
    "Most Reviewed": "",
    "Popular Salons": "",
    "Newest Salons": "",
    "Older Salons": "",
    "Search": "",
    "Select a category": "",
    "Now Open": "",
    "Filter by Salon Type": "",
    "All": "",
    "Filter by Service Place": "",
    "Filter by Ratings": "",
    "Show All": "",
    "Apply Filter": "",
    "Reset Filters": "",
    "Open": "",
    "Ratings": "",
    "Unisex": "",
    "All Appointments": "",
    "Appointment ID:": "",
    "Date:": "",
    "Time:": "",
    "Service:": "",
    "Service Place:": "",
    "Payment:": "",
    "Payment Type:": "",
    "Staff:": "",
    "Add Review": "",
    "No Appointment Found": "",
    "Select Services": "",
    "Select Time & Place": "",
    "Select Time": "",
    "Time Slots": "",
    "At Salon": "",
    "At Home": "",
    "Choose Address": "",
    "Add Address From Profile": "",
    "Previous": "",
    "Next": "",
    "Select Staff": "",
    "Use Coupon": "",
    "Loyalty Point": "",
    "Use This": "",
    "Select Payment Method": "",
    "Make your payment in cash at place of service held.": "",
    "In order to complete your transaction, we will transfer you over to Stripe's secure servers.": "",
    "Booking Summary": "",
    "No Categories Found": "",
    "No Salons Found": "",
    "Place:": "",
    "Extra Charges:": "",
    "Discount:": "",
    "Total Cost:": "",
    "Most Popular": "",
    "Categories.": "",
    "Browse All Category": "",
    "Salons.": "",
    "Status:": "",
    "Salon:": "",
    "To:": "",
    "Subtotal:": "",
    "Extra charges:": "",
    "Total Amount:": "",
    "Paid via": "",
    "Payment Pending": "",
    "Print this Invoice": "",
    "Back to Home": "",
    "Profile Details": "",
    "Upload Photo": "",
    "Your Name": "",
    "Your Email": "",
    "Referral Code": "",
    "Total Earned Points": "",
    "Remaining Points": "",
    "Change Password": "",
    "Add New Address": "",
    "Edit Address": "",
    "Give service at :": "",
    "Salon\/Home": "",
    "reviews": "",
    "Now:": "",
    "Closed": "",
    "Open:": "",
    "Read More": "",
    "Read Less": "",
    "Location \/ Contact": "",
    "Website:": "",
    "Opening Hours": "",
    "Reviews": "",
    "View More": "",
    "Booking Confirmed": "",
    "Thank you.": "",
    "Your appointment": "",
    "has been confirmed.": "",
    "Your appointment id is": "",
    "Salons Found":"",
    "No Salon Found": "",
    "Select Date": "",
    "Enter Code": ""
}